id;title;first_name;last_name;middle_name;formatted_name;date_of_birth;gender;marital_status;nationality;status
1;Quality-focused;Forrest;Kilback;impactful enable;withdrawal Loan incremental;2021-07-13;Home;Idaho Iranian Qatar;magenta bypassing;leverage
2;Ameliorated;Kayley;Zemlak;Garden;Macao global;2021-07-13;Chad;online;exploit;Senior
3;Liaison;Winnifred;Weber;overriding wireless Borders;sexy;2021-07-13;hardware;Cheese Granite parse;SMTP;alliance
4;firewall;Shane;Rosenbaum;deposit;withdrawal;2021-07-13;fuchsia Factors Somalia;Central initiatives Shoes;Automotive;optical
5;Fresh;Ashly;Smitham;Unbranded Peso Ohio;Soft;2021-07-13;Licensed neural-net disintermediate;Electronics;monetize;redundant Buckinghamshire
6;virtual Cliffs;Saige;Auer;circuit National;turquoise and;2021-07-13;Research Wooden;markets Steel;Intranet PNG Investment;COM
7;Granite Berkshire;Aliza;McGlynn;Pizza redundant;index methodology;2021-07-13;target Down-sized Handcrafted;website leverage generating;New;3rd Fantastic generating
8;payment;Kacie;Baumbach;Sleek;challenge Checking Tuna;2021-07-13;models bypassing;Associate;invoice Viaduct generating;Fort
9;tan;Harvey;Kreiger;Shoes port;eyeballs withdrawal Cambridgeshire;2021-07-13;world-class;bypassing;bypass compress;e-tailers Court Games
10;vortals;Roel;Bradtke;Industrial Pound;end-to-end Croatia Delaware;2021-07-13;bypass leading-edge open-source;structure;firewall deposit seize;Gorgeous Metrics Buckinghamshire
